ip,esPublica,estaEnWhitelist,scoreAbuso,pais,codigoPais,isp,tipoDeUso,ultimoReporte,hora,dia
45.204.126.117,True,,0,,HK,Intercontinental Internet Data Corp,Data Center/Web Hosting/Transit,,23:47:10,may/22/2023
59.153.100.70,True,,0,,BD,Dot Internet,Fixed Line ISP,,23:47:10,may/22/2023
1.32.249.141,True,,0,,HK,CTG Server Ltd.,Data Center/Web Hosting/Transit,,23:47:10,may/22/2023
103.116.15.134,True,,0,,TW,Shine Telecom Co. Ltd.,Commercial,,23:47:10,may/22/2023
43.225.58.180,True,,0,,HK,Dragon Spirit Investments International Co. Limited,Data Center/Web Hosting/Transit,,23:47:10,may/22/2023
64.112.28.230,True,False,2,,US,Kurun Cloud Inc,Data Center/Web Hosting/Transit,2023-04-22T15:31:49+00:00,23:47:10,may/22/2023
198.44.187.143,True,,0,,US,VPSquan L.L.C.,Data Center/Web Hosting/Transit,,23:47:10,may/22/2023
103.104.101.139,True,,0,,PH,Suniway Group of Companies Inc.,Fixed Line ISP,,23:47:10,may/22/2023
103.119.131.102,True,,0,,HK,Suniway Group Limited,Data Center/Web Hosting/Transit,,23:47:10,may/22/2023
136.175.200.149,True,False,10,,US,Nexus Bytes LLC,Data Center/Web Hosting/Transit,2023-04-20T05:58:00+00:00,23:47:10,may/22/2023
103.154.61.79,True,,0,,PH,WTW Hightech Company Inc,Data Center/Web Hosting/Transit,,23:47:10,may/22/2023
154.198.4.45,True,,0,,HK,Suniway Group Limited,Data Center/Web Hosting/Transit,,23:47:10,may/22/2023
174.136.237.16,True,,0,,CN,Gold Experience Cloud LLC,Data Center/Web Hosting/Transit,,23:47:10,may/22/2023
43.225.58.205,True,,0,,HK,Dragon Spirit Investments International Co. Limited,Data Center/Web Hosting/Transit,,23:47:10,may/22/2023
103.104.102.158,True,,0,,PH,Suniway Group of Companies Inc.,Fixed Line ISP,,23:47:10,may/22/2023
76.69.253.74,True,,0,,CA,Bell Canada,Fixed Line ISP,,23:47:10,may/22/2023
174.136.237.110,True,,0,,CN,Gold Experience Cloud LLC,Data Center/Web Hosting/Transit,,23:47:10,may/22/2023
154.197.29.139,True,,0,,HK,Suniway Telecom,Data Center/Web Hosting/Transit,,23:47:10,may/22/2023
43.225.58.136,True,,0,,HK,Dragon Spirit Investments International Co. Limited,Data Center/Web Hosting/Transit,,23:47:10,may/22/2023
103.104.103.177,True,,0,,PH,Suniway Group of Companies Inc.,Fixed Line ISP,,23:47:10,may/22/2023
174.136.237.204,True,,0,,CN,Gold Experience Cloud LLC,Data Center/Web Hosting/Transit,,23:47:10,may/22/2023
174.136.237.41,True,,0,,CN,Gold Experience Cloud LLC,Data Center/Web Hosting/Transit,,23:47:10,may/22/2023
154.197.30.158,True,,0,,HK,Suniway Telecom,Data Center/Web Hosting/Transit,,23:47:10,may/22/2023
43.225.58.67,True,,0,,HK,Dragon Spirit Investments International Co. Limited,Data Center/Web Hosting/Transit,,23:47:10,may/22/2023
103.119.128.20,True,,0,,HK,Suniway Group Limited,Data Center/Web Hosting/Transit,,23:47:10,may/22/2023
154.197.29.39,True,,0,,HK,Suniway Telecom,Data Center/Web Hosting/Transit,,23:47:10,may/22/2023
103.154.61.181,True,,0,,PH,WTW Hightech Company Inc,Data Center/Web Hosting/Transit,,23:47:10,may/22/2023
154.198.4.220,True,,0,,HK,Suniway Group Limited,Data Center/Web Hosting/Transit,,23:47:10,may/22/2023
154.197.31.177,True,,0,,HK,Suniway Telecom,Data Center/Web Hosting/Transit,,23:47:10,may/22/2023
154.197.30.58,True,,0,,HK,Suniway Telecom,Data Center/Web Hosting/Transit,,23:47:10,may/22/2023
154.198.7.102,True,,0,,HK,Suniway Group Limited,Data Center/Web Hosting/Transit,,23:47:10,may/22/2023
174.136.237.160,True,,0,,CN,Gold Experience Cloud LLC,Data Center/Web Hosting/Transit,,23:47:10,may/22/2023
24.207.75.19,True,,0,,CA,Delta DCCNet High Speed Internet,Fixed Line ISP,,23:47:10,may/22/2023
103.104.101.214,True,,0,,PH,Suniway Group of Companies Inc.,Fixed Line ISP,,23:47:10,may/22/2023
174.136.237.254,True,,0,,CN,Gold Experience Cloud LLC,Data Center/Web Hosting/Transit,,23:47:10,may/22/2023
43.225.58.186,True,,0,,HK,Dragon Spirit Investments International Co. Limited,Data Center/Web Hosting/Transit,,23:47:10,may/22/2023
24.87.42.146,True,False,2,,CA,Shaw Communications Inc.,Fixed Line ISP,2023-04-28T04:58:19+00:00,23:47:10,may/22/2023
43.225.58.23,True,,0,,HK,Dragon Spirit Investments International Co. Limited,Data Center/Web Hosting/Transit,,23:47:10,may/22/2023
154.197.29.214,True,,0,,HK,Suniway Telecom,Data Center/Web Hosting/Transit,,23:47:10,may/22/2023
174.136.237.185,True,,0,,CN,Gold Experience Cloud LLC,Data Center/Web Hosting/Transit,,23:47:10,may/22/2023
103.119.131.77,True,,0,,HK,Suniway Group Limited,Data Center/Web Hosting/Transit,,23:47:10,may/22/2023
174.136.237.22,True,,0,,CN,Gold Experience Cloud LLC,Data Center/Web Hosting/Transit,,23:47:10,may/22/2023
43.225.58.211,True,,0,,HK,Dragon Spirit Investments International Co. Limited,Data Center/Web Hosting/Transit,,23:47:10,may/22/2023
154.197.30.233,True,,0,,HK,Suniway Telecom,Data Center/Web Hosting/Transit,,23:47:10,may/22/2023
43.225.58.48,True,,0,,HK,Dragon Spirit Investments International Co. Limited,Data Center/Web Hosting/Transit,,23:47:10,may/22/2023
174.136.237.116,True,,0,,CN,Gold Experience Cloud LLC,Data Center/Web Hosting/Transit,,23:47:10,may/22/2023
154.198.4.20,True,,0,,HK,Suniway Group Limited,Data Center/Web Hosting/Transit,,23:47:10,may/22/2023
103.104.103.252,True,,0,,PH,Suniway Group of Companies Inc.,Fixed Line ISP,,23:47:10,may/22/2023
103.119.128.95,True,,0,,HK,Suniway Group Limited,Data Center/Web Hosting/Transit,,23:47:10,may/22/2023
154.197.29.114,True,,0,,HK,Suniway Telecom,Data Center/Web Hosting/Transit,,23:47:10,may/22/2023
103.154.60.149,True,,0,,PH,WTW Hightech Company Inc,Data Center/Web Hosting/Transit,,23:47:11,may/22/2023
154.198.6.158,True,,0,,PH,Suniway Group Limited,Data Center/Web Hosting/Transit,,23:47:11,may/22/2023
154.197.31.252,True,,0,,HK,Suniway Telecom,Data Center/Web Hosting/Transit,,23:47:11,may/22/2023
103.104.102.133,True,,0,,PH,Suniway Group of Companies Inc.,Fixed Line ISP,,23:47:11,may/22/2023
103.154.61.16,True,,0,,PH,WTW Hightech Company Inc,Data Center/Web Hosting/Transit,,23:47:11,may/22/2023
103.119.129.114,True,,0,,HK,Suniway Group Limited,Data Center/Web Hosting/Transit,,23:47:11,may/22/2023
43.225.58.236,True,,0,,HK,Dragon Spirit Investments International Co. Limited,Data Center/Web Hosting/Transit,,23:47:11,may/22/2023
154.198.5.39,True,,0,,PH,Suniway Group Limited,Data Center/Web Hosting/Transit,,23:47:11,may/22/2023
43.225.58.73,True,,0,,HK,Dragon Spirit Investments International Co. Limited,Data Center/Web Hosting/Transit,,23:47:11,may/22/2023
103.104.103.152,True,,0,,PH,Suniway Group of Companies Inc.,Fixed Line ISP,,23:47:11,may/22/2023
154.198.6.58,True,,0,,PH,Suniway Group Limited,Data Center/Web Hosting/Transit,,23:47:11,may/22/2023
103.104.102.33,True,,0,,PH,Suniway Group of Companies Inc.,Fixed Line ISP,,23:47:11,may/22/2023
154.197.30.33,True,,0,,HK,Suniway Telecom,Data Center/Web Hosting/Transit,,23:47:11,may/22/2023
103.119.131.152,True,,0,,HK,Suniway Group Limited,Data Center/Web Hosting/Transit,,23:47:11,may/22/2023
174.136.237.166,True,,0,,CN,Gold Experience Cloud LLC,Data Center/Web Hosting/Transit,,23:47:11,may/22/2023
43.225.58.98,True,,0,,HK,Dragon Spirit Investments International Co. Limited,Data Center/Web Hosting/Transit,,23:47:11,may/22/2023
154.197.28.170,True,,0,,HK,Suniway Telecom,Data Center/Web Hosting/Transit,,23:47:11,may/22/2023
154.198.7.77,True,,0,,HK,Suniway Group Limited,Data Center/Web Hosting/Transit,,23:47:11,may/22/2023
154.197.31.52,True,,0,,HK,Suniway Telecom,Data Center/Web Hosting/Transit,,23:47:11,may/22/2023
174.136.237.191,True,,0,,CN,Gold Experience Cloud LLC,Data Center/Web Hosting/Transit,,23:47:11,may/22/2023
103.119.129.189,True,,0,,HK,Suniway Group Limited,Data Center/Web Hosting/Transit,,23:47:11,may/22/2023
43.225.58.123,True,,0,,HK,Dragon Spirit Investments International Co. Limited,Data Center/Web Hosting/Transit,,23:47:11,may/22/2023
154.198.4.95,True,,0,,HK,Suniway Group Limited,Data Center/Web Hosting/Transit,,23:47:11,may/22/2023
103.154.60.107,True,,0,,PH,WTW Hightech Company Inc,Data Center/Web Hosting/Transit,,23:47:11,may/22/2023
174.136.237.28,True,,0,,CN,Gold Experience Cloud LLC,Data Center/Web Hosting/Transit,,23:47:11,may/22/2023
154.197.30.208,True,,0,,HK,Suniway Telecom,Data Center/Web Hosting/Transit,,23:47:11,may/22/2023
103.119.130.208,True,,0,,HK,Suniway Group Limited,Data Center/Web Hosting/Transit,,23:47:11,may/22/2023
43.225.58.54,True,,0,,HK,Dragon Spirit Investments International Co. Limited,Data Center/Web Hosting/Transit,,23:47:11,may/22/2023
103.154.60.230,True,,0,,PH,WTW Hightech Company Inc,Data Center/Web Hosting/Transit,,23:47:11,may/22/2023
154.197.29.89,True,,0,,HK,Suniway Telecom,Data Center/Web Hosting/Transit,,23:47:11,may/22/2023
103.104.101.89,True,,0,,PH,Suniway Group of Companies Inc.,Fixed Line ISP,,23:47:11,may/22/2023
103.154.61.97,True,,0,,PH,WTW Hightech Company Inc,Data Center/Web Hosting/Transit,,23:47:11,may/22/2023
187.61.201.255,True,,0,,BR,Cabo Servicos de Telecomunicacoes Ltda,Fixed Line ISP,,23:47:11,may/22/2023
154.197.30.108,True,,0,,HK,Suniway Telecom,Data Center/Web Hosting/Transit,,23:47:11,may/22/2023
154.198.6.133,True,,0,,PH,Suniway Group Limited,Data Center/Web Hosting/Transit,,23:47:11,may/22/2023
103.154.60.86,True,,0,,PH,WTW Hightech Company Inc,Data Center/Web Hosting/Transit,,23:47:11,may/22/2023
174.136.237.147,True,,0,,CN,Gold Experience Cloud LLC,Data Center/Web Hosting/Transit,,23:47:11,may/22/2023
154.198.5.14,True,,0,,PH,Suniway Group Limited,Data Center/Web Hosting/Transit,,23:47:11,may/22/2023
174.136.237.241,True,,0,,CN,Gold Experience Cloud LLC,Data Center/Web Hosting/Transit,,23:47:11,may/22/2023
154.197.30.8,True,,0,,HK,Suniway Telecom,Data Center/Web Hosting/Transit,,23:47:11,may/22/2023
103.154.61.76,True,,0,,PH,WTW Hightech Company Inc,Data Center/Web Hosting/Transit,,23:47:11,may/22/2023
174.136.237.78,True,,0,,CN,Gold Experience Cloud LLC,Data Center/Web Hosting/Transit,,23:47:11,may/22/2023
103.119.131.27,True,,0,,HK,Suniway Group Limited,Data Center/Web Hosting/Transit,,23:47:11,may/22/2023
43.225.58.10,True,,0,,HK,Dragon Spirit Investments International Co. Limited,Data Center/Web Hosting/Transit,,23:47:11,may/22/2023
103.119.129.164,True,,0,,HK,Suniway Group Limited,Data Center/Web Hosting/Transit,,23:47:11,may/22/2023
103.104.102.8,True,,0,,PH,Suniway Group of Companies Inc.,Fixed Line ISP,,23:47:11,may/22/2023
76.135.152.144,True,,0,,US,Comcast Cable Communications LLC,Fixed Line ISP,,23:47:11,may/22/2023
43.225.58.104,True,,0,,HK,Dragon Spirit Investments International Co. Limited,Data Center/Web Hosting/Transit,,23:47:11,may/22/2023
174.136.237.9,True,,0,,CN,Gold Experience Cloud LLC,Data Center/Web Hosting/Transit,,23:47:11,may/22/2023
103.119.130.183,True,,0,,HK,Suniway Group Limited,Data Center/Web Hosting/Transit,,23:47:11,may/22/2023
43.225.58.198,True,,0,,HK,Dragon Spirit Investments International Co. Limited,Data Center/Web Hosting/Transit,,23:47:11,may/22/2023
154.198.7.152,True,,0,,HK,Suniway Group Limited,Data Center/Web Hosting/Transit,,23:47:12,may/22/2023
43.225.58.35,True,,0,,HK,Dragon Spirit Investments International Co. Limited,Data Center/Web Hosting/Transit,,23:47:12,may/22/2023
174.136.237.34,True,,0,,CN,Gold Experience Cloud LLC,Data Center/Web Hosting/Transit,,23:47:12,may/22/2023
103.154.61.178,True,,0,,PH,WTW Hightech Company Inc,Data Center/Web Hosting/Transit,,23:47:12,may/22/2023
154.197.29.64,True,,0,,HK,Suniway Telecom,Data Center/Web Hosting/Transit,,23:47:12,may/22/2023
103.104.100.45,True,,0,,PH,Suniway Group of Companies Inc.,Fixed Line ISP,,23:47:12,may/22/2023
174.136.237.222,True,,0,,CN,Gold Experience Cloud LLC,Data Center/Web Hosting/Transit,,23:47:12,may/22/2023
154.197.31.202,True,,0,,HK,Suniway Telecom,Data Center/Web Hosting/Transit,,23:47:12,may/22/2023
103.154.60.167,True,,0,,PH,WTW Hightech Company Inc,Data Center/Web Hosting/Transit,,23:47:12,may/22/2023
103.104.102.183,True,,0,,PH,Suniway Group of Companies Inc.,Fixed Line ISP,,23:47:12,may/22/2023
154.198.7.52,True,,0,,HK,Suniway Group Limited,Data Center/Web Hosting/Transit,,23:47:12,may/22/2023
174.136.237.59,True,,0,,CN,Gold Experience Cloud LLC,Data Center/Web Hosting/Transit,,23:47:12,may/22/2023
103.119.128.120,True,,0,,HK,Suniway Group Limited,Data Center/Web Hosting/Transit,,23:47:12,may/22/2023
154.197.30.83,True,,0,,HK,Suniway Telecom,Data Center/Web Hosting/Transit,,23:47:12,may/22/2023
103.154.61.157,True,,0,,PH,WTW Hightech Company Inc,Data Center/Web Hosting/Transit,,23:47:12,may/22/2023
174.136.237.247,True,,0,,CN,Gold Experience Cloud LLC,Data Center/Web Hosting/Transit,,23:47:12,may/22/2023
103.119.129.139,True,,0,,HK,Suniway Group Limited,Data Center/Web Hosting/Transit,,23:47:12,may/22/2023
103.154.60.23,True,,0,,PH,WTW Hightech Company Inc,Data Center/Web Hosting/Transit,,23:47:12,may/22/2023
174.136.237.84,True,,0,,CN,Gold Experience Cloud LLC,Data Center/Web Hosting/Transit,,23:47:12,may/22/2023
103.104.103.202,True,,0,,PH,Suniway Group of Companies Inc.,Fixed Line ISP,,23:47:12,may/22/2023
154.198.5.89,True,,0,,PH,Suniway Group Limited,Data Center/Web Hosting/Transit,,23:47:12,may/22/2023
174.136.237.178,True,,0,,CN,Gold Experience Cloud LLC,Data Center/Web Hosting/Transit,,23:47:12,may/22/2023
103.119.130.158,True,,0,,HK,Suniway Group Limited,Data Center/Web Hosting/Transit,,23:47:12,may/22/2023
154.197.29.239,True,,0,,HK,Suniway Telecom,Data Center/Web Hosting/Transit,,23:47:12,may/22/2023
103.154.61.136,True,,0,,PH,WTW Hightech Company Inc,Data Center/Web Hosting/Transit,,23:47:12,may/22/2023
154.198.6.108,True,,0,,PH,Suniway Group Limited,Data Center/Web Hosting/Transit,,23:47:12,may/22/2023
174.136.237.109,True,,0,,CN,Gold Experience Cloud LLC,Data Center/Web Hosting/Transit,,23:47:12,may/22/2023
154.197.28.120,True,,0,,HK,Suniway Telecom,Data Center/Web Hosting/Transit,,23:47:12,may/22/2023
103.119.131.177,True,,0,,HK,Suniway Group Limited,Data Center/Web Hosting/Transit,,23:47:12,may/22/2023
154.198.4.245,True,,0,,HK,Suniway Group Limited,Data Center/Web Hosting/Transit,,23:47:12,may/22/2023
154.197.31.2,True,,0,,HK,Suniway Telecom,Data Center/Web Hosting/Transit,,23:47:12,may/22/2023
154.198.7.127,True,,0,,HK,Suniway Group Limited,Data Center/Web Hosting/Transit,,23:47:12,may/22/2023
43.225.58.16,True,,0,,HK,Dragon Spirit Investments International Co. Limited,Data Center/Web Hosting/Transit,,23:47:12,may/22/2023
103.154.60.125,True,,0,,PH,WTW Hightech Company Inc,Data Center/Web Hosting/Transit,,23:47:12,may/22/2023
103.104.101.239,True,,0,,PH,Suniway Group of Companies Inc.,Fixed Line ISP,,23:47:12,may/22/2023
103.154.60.248,True,,0,,PH,WTW Hightech Company Inc,Data Center/Web Hosting/Transit,,23:47:12,may/22/2023
43.225.58.110,True,,0,,HK,Dragon Spirit Investments International Co. Limited,Data Center/Web Hosting/Transit,,23:47:12,may/22/2023
174.136.237.228,True,,0,,CN,Gold Experience Cloud LLC,Data Center/Web Hosting/Transit,,23:47:12,may/22/2023
43.225.58.204,True,,0,,HK,Dragon Spirit Investments International Co. Limited,Data Center/Web Hosting/Transit,,23:47:12,may/22/2023
154.198.7.27,True,,0,,HK,Suniway Group Limited,Data Center/Web Hosting/Transit,,23:47:12,may/22/2023
103.104.103.2,True,,0,,PH,Suniway Group of Companies Inc.,Fixed Line ISP,,23:47:12,may/22/2023
103.154.61.238,True,,0,,PH,WTW Hightech Company Inc,Data Center/Web Hosting/Transit,,23:47:12,may/22/2023
174.136.237.65,True,,0,,CN,Gold Experience Cloud LLC,Data Center/Web Hosting/Transit,,23:47:12,may/22/2023
154.198.5.164,True,,0,,PH,Suniway Group Limited,Data Center/Web Hosting/Transit,,23:47:12,may/22/2023
103.104.100.20,True,,0,,PH,Suniway Group of Companies Inc.,Fixed Line ISP,,23:47:12,may/22/2023
103.154.61.94,True,,0,,PH,WTW Hightech Company Inc,Data Center/Web Hosting/Transit,,23:47:12,may/22/2023
43.225.58.66,True,,0,,HK,Dragon Spirit Investments International Co. Limited,Data Center/Web Hosting/Transit,,23:47:12,may/22/2023
103.154.60.83,True,,0,,PH,WTW Hightech Company Inc,Data Center/Web Hosting/Transit,,23:47:12,may/22/2023
103.154.60.206,True,,0,,PH,WTW Hightech Company Inc,Data Center/Web Hosting/Transit,,23:47:12,may/22/2023
103.119.130.133,True,,0,,HK,Suniway Group Limited,Data Center/Web Hosting/Transit,,23:47:12,may/22/2023
174.136.237.115,True,,0,,CN,Gold Experience Cloud LLC,Data Center/Web Hosting/Transit,,23:47:12,may/22/2023
154.197.28.195,True,,0,,HK,Suniway Telecom,Data Center/Web Hosting/Transit,,23:47:13,may/22/2023
43.225.58.254,True,,0,,HK,Dragon Spirit Investments International Co. Limited,Data Center/Web Hosting/Transit,,23:47:13,may/22/2023
174.136.237.209,True,,0,,CN,Gold Experience Cloud LLC,Data Center/Web Hosting/Transit,,23:47:13,may/22/2023
103.104.100.195,True,,0,,PH,Suniway Group of Companies Inc.,Fixed Line ISP,,23:47:13,may/22/2023
43.225.58.91,True,,0,,HK,Dragon Spirit Investments International Co. Limited,Data Center/Web Hosting/Transit,,23:47:13,may/22/2023
103.154.60.62,True,,0,,PH,WTW Hightech Company Inc,Data Center/Web Hosting/Transit,,23:47:13,may/22/2023
103.119.130.33,True,,0,,HK,Suniway Group Limited,Data Center/Web Hosting/Transit,,23:47:13,may/22/2023
174.136.237.140,True,,0,,CN,Gold Experience Cloud LLC,Data Center/Web Hosting/Transit,,23:47:13,may/22/2023
154.198.5.239,True,,0,,PH,Suniway Group Limited,Data Center/Web Hosting/Transit,,23:47:13,may/22/2023
154.197.28.95,True,,0,,HK,Suniway Telecom,Data Center/Web Hosting/Transit,,23:47:13,may/22/2023
103.154.61.52,True,,0,,PH,WTW Hightech Company Inc,Data Center/Web Hosting/Transit,,23:47:13,may/22/2023
154.198.4.120,True,,0,,HK,Suniway Group Limited,Data Center/Web Hosting/Transit,,23:47:13,may/22/2023
103.154.61.175,True,,0,,PH,WTW Hightech Company Inc,Data Center/Web Hosting/Transit,,23:47:13,may/22/2023
103.119.131.52,True,,0,,HK,Suniway Group Limited,Data Center/Web Hosting/Transit,,23:47:13,may/22/2023
103.104.100.95,True,,0,,PH,Suniway Group of Companies Inc.,Fixed Line ISP,,23:47:13,may/22/2023
174.136.237.165,True,,0,,CN,Gold Experience Cloud LLC,Data Center/Web Hosting/Transit,,23:47:13,may/22/2023
43.225.58.210,True,,0,,HK,Dragon Spirit Investments International Co. Limited,Data Center/Web Hosting/Transit,,23:47:13,may/22/2023
103.154.60.164,True,,0,,PH,WTW Hightech Company Inc,Data Center/Web Hosting/Transit,,23:47:13,may/22/2023
174.136.237.2,True,,0,,CN,Gold Experience Cloud LLC,Data Center/Web Hosting/Transit,,23:47:13,may/22/2023
43.225.58.47,True,,0,,HK,Dragon Spirit Investments International Co. Limited,Data Center/Web Hosting/Transit,,23:47:13,may/22/2023
154.197.30.133,True,,0,,HK,Suniway Telecom,Data Center/Web Hosting/Transit,,23:47:13,may/22/2023
43.225.58.141,True,,0,,HK,Dragon Spirit Investments International Co. Limited,Data Center/Web Hosting/Transit,,23:47:13,may/22/2023
103.154.61.154,True,,0,,PH,WTW Hightech Company Inc,Data Center/Web Hosting/Transit,,23:47:13,may/22/2023
154.197.29.14,True,,0,,HK,Suniway Telecom,Data Center/Web Hosting/Transit,,23:47:13,may/22/2023
103.154.60.20,True,,0,,PH,WTW Hightech Company Inc,Data Center/Web Hosting/Transit,,23:47:13,may/22/2023
43.225.58.235,True,,0,,HK,Dragon Spirit Investments International Co. Limited,Data Center/Web Hosting/Transit,,23:47:13,may/22/2023
154.197.31.152,True,,0,,HK,Suniway Telecom,Data Center/Web Hosting/Transit,,23:47:13,may/22/2023
174.136.237.27,True,,0,,CN,Gold Experience Cloud LLC,Data Center/Web Hosting/Transit,,23:47:13,may/22/2023
104.238.205.9,True,,0,,US,Reliablesite.net LLC,Data Center/Web Hosting/Transit,,23:47:13,may/22/2023
103.104.101.14,True,,0,,PH,Suniway Group of Companies Inc.,Fixed Line ISP,,23:47:13,may/22/2023
103.119.131.227,True,,0,,HK,Suniway Group Limited,Data Center/Web Hosting/Transit,,23:47:13,may/22/2023
43.225.58.166,True,,0,,HK,Dragon Spirit Investments International Co. Limited,Data Center/Web Hosting/Transit,,23:47:13,may/22/2023
154.198.4.195,True,,0,,HK,Suniway Group Limited,Data Center/Web Hosting/Transit,,23:47:13,may/22/2023
103.154.61.133,True,,0,,PH,WTW Hightech Company Inc,Data Center/Web Hosting/Transit,,23:47:13,may/22/2023
154.197.29.189,True,,0,,HK,Suniway Telecom,Data Center/Web Hosting/Transit,,23:47:13,may/22/2023
174.136.237.146,True,,0,,CN,Gold Experience Cloud LLC,Data Center/Web Hosting/Transit,,23:47:13,may/22/2023
43.225.58.191,True,,0,,HK,Dragon Spirit Investments International Co. Limited,Data Center/Web Hosting/Transit,,23:47:13,may/22/2023
103.154.60.245,True,,0,,PH,WTW Hightech Company Inc,Data Center/Web Hosting/Transit,,23:47:13,may/22/2023
43.225.58.122,True,,0,,HK,Dragon Spirit Investments International Co. Limited,Data Center/Web Hosting/Transit,,23:47:13,may/22/2023
174.136.237.171,True,,0,,CN,Gold Experience Cloud LLC,Data Center/Web Hosting/Transit,,23:47:13,may/22/2023
103.154.61.235,True,,0,,PH,WTW Hightech Company Inc,Data Center/Web Hosting/Transit,,23:47:13,may/22/2023
154.198.7.252,True,,0,,HK,Suniway Group Limited,Data Center/Web Hosting/Transit,,23:47:13,may/22/2023
154.197.31.227,True,,0,,HK,Suniway Telecom,Data Center/Web Hosting/Transit,,23:47:13,may/22/2023
174.136.237.8,True,,0,,CN,Gold Experience Cloud LLC,Data Center/Web Hosting/Transit,,23:47:13,may/22/2023
103.104.102.208,True,,0,,PH,Suniway Group of Companies Inc.,Fixed Line ISP,,23:47:13,may/22/2023
43.225.58.53,True,,0,,HK,Dragon Spirit Investments International Co. Limited,Data Center/Web Hosting/Transit,,23:47:13,may/22/2023
154.197.28.245,True,,0,,HK,Suniway Telecom,Data Center/Web Hosting/Transit,,23:47:13,may/22/2023
43.225.58.147,True,,0,,HK,Dragon Spirit Investments International Co. Limited,Data Center/Web Hosting/Transit,,23:47:13,may/22/2023
103.119.128.45,True,,0,,HK,Suniway Group Limited,Data Center/Web Hosting/Transit,,23:47:13,may/22/2023
174.136.237.196,True,,0,,CN,Gold Experience Cloud LLC,Data Center/Web Hosting/Transit,,23:47:13,may/22/2023
154.197.31.127,True,,0,,HK,Suniway Telecom,Data Center/Web Hosting/Transit,,23:47:13,may/22/2023
103.154.61.214,True,,0,,PH,WTW Hightech Company Inc,Data Center/Web Hosting/Transit,,23:47:14,may/22/2023
174.136.237.33,True,,0,,CN,Gold Experience Cloud LLC,Data Center/Web Hosting/Transit,,23:47:14,may/22/2023
154.198.6.33,True,,0,,PH,Suniway Group Limited,Data Center/Web Hosting/Transit,,23:47:14,may/22/2023
43.225.58.78,True,,0,,HK,Dragon Spirit Investments International Co. Limited,Data Center/Web Hosting/Transit,,23:47:14,may/22/2023
103.104.102.108,True,,0,,PH,Suniway Group of Companies Inc.,Fixed Line ISP,,23:47:14,may/22/2023
103.119.131.202,True,,0,,HK,Suniway Group Limited,Data Center/Web Hosting/Transit,,23:47:14,may/22/2023
154.197.28.145,True,,0,,HK,Suniway Telecom,Data Center/Web Hosting/Transit,,23:47:14,may/22/2023
154.198.4.170,True,,0,,HK,Suniway Group Limited,Data Center/Web Hosting/Transit,,23:47:14,may/22/2023
43.225.58.172,True,,0,,HK,Dragon Spirit Investments International Co. Limited,Data Center/Web Hosting/Transit,,23:47:14,may/22/2023
103.119.130.83,True,,0,,HK,Suniway Group Limited,Data Center/Web Hosting/Transit,,23:47:14,may/22/2023
43.225.58.9,True,,0,,HK,Dragon Spirit Investments International Co. Limited,Data Center/Web Hosting/Transit,,23:47:14,may/22/2023
103.119.128.220,True,,0,,HK,Suniway Group Limited,Data Center/Web Hosting/Transit,,23:47:14,may/22/2023
154.197.29.164,True,,0,,HK,Suniway Telecom,Data Center/Web Hosting/Transit,,23:47:14,may/22/2023
103.104.103.127,True,,0,,PH,Suniway Group of Companies Inc.,Fixed Line ISP,,23:47:14,may/22/2023
103.154.61.193,True,,0,,PH,WTW Hightech Company Inc,Data Center/Web Hosting/Transit,,23:47:14,may/22/2023
154.197.28.45,True,,0,,HK,Suniway Telecom,Data Center/Web Hosting/Transit,,23:47:14,may/22/2023
174.136.237.246,True,,0,,CN,Gold Experience Cloud LLC,Data Center/Web Hosting/Transit,,23:47:14,may/22/2023
154.198.6.208,True,,0,,PH,Suniway Group Limited,Data Center/Web Hosting/Transit,,23:47:14,may/22/2023
103.154.60.182,True,,0,,PH,WTW Hightech Company Inc,Data Center/Web Hosting/Transit,,23:47:14,may/22/2023
103.119.131.2,True,,0,,HK,Suniway Group Limited,Data Center/Web Hosting/Transit,,23:47:14,may/22/2023
103.104.103.27,True,,0,,PH,Suniway Group of Companies Inc.,Fixed Line ISP,,23:47:14,may/22/2023
154.198.7.227,True,,0,,HK,Suniway Group Limited,Data Center/Web Hosting/Transit,,23:47:14,may/22/2023
103.104.101.164,True,,0,,PH,Suniway Group of Companies Inc.,Fixed Line ISP,,23:47:14,may/22/2023
103.154.60.38,True,,0,,PH,WTW Hightech Company Inc,Data Center/Web Hosting/Transit,,23:47:14,may/22/2023
43.225.58.59,True,,0,,HK,Dragon Spirit Investments International Co. Limited,Data Center/Web Hosting/Transit,,23:47:14,may/22/2023
154.197.31.102,True,,0,,HK,Suniway Telecom,Data Center/Web Hosting/Transit,,23:47:14,may/22/2023
43.225.58.247,True,,0,,HK,Dragon Spirit Investments International Co. Limited,Data Center/Web Hosting/Transit,,23:47:14,may/22/2023
174.136.237.133,True,,0,,CN,Gold Experience Cloud LLC,Data Center/Web Hosting/Transit,,23:47:14,may/22/2023
43.225.58.84,True,,0,,HK,Dragon Spirit Investments International Co. Limited,Data Center/Web Hosting/Transit,,23:47:14,may/22/2023
103.119.130.58,True,,0,,HK,Suniway Group Limited,Data Center/Web Hosting/Transit,,23:47:14,may/22/2023
154.198.4.145,True,,0,,HK,Suniway Group Limited,Data Center/Web Hosting/Transit,,23:47:14,may/22/2023
103.104.102.83,True,,0,,PH,Suniway Group of Companies Inc.,Fixed Line ISP,,23:47:14,may/22/2023
43.225.58.15,True,,0,,HK,Dragon Spirit Investments International Co. Limited,Data Center/Web Hosting/Transit,,23:47:14,may/22/2023
103.154.61.7,True,,0,,PH,WTW Hightech Company Inc,Data Center/Web Hosting/Transit,,23:47:14,may/22/2023
43.225.58.109,True,,0,,HK,Dragon Spirit Investments International Co. Limited,Data Center/Web Hosting/Transit,,23:47:14,may/22/2023
174.136.237.252,True,,0,,CN,Gold Experience Cloud LLC,Data Center/Web Hosting/Transit,,23:47:14,may/22/2023
103.154.61.130,True,,0,,PH,WTW Hightech Company Inc,Data Center/Web Hosting/Transit,,23:47:14,may/22/2023
103.104.103.102,True,,0,,PH,Suniway Group of Companies Inc.,Fixed Line ISP,,23:47:14,may/22/2023
103.154.61.253,True,,0,,PH,WTW Hightech Company Inc,Data Center/Web Hosting/Transit,,23:47:14,may/22/2023
43.225.58.134,True,,0,,HK,Dragon Spirit Investments International Co. Limited,Data Center/Web Hosting/Transit,,23:47:14,may/22/2023
103.154.60.119,True,,0,,PH,WTW Hightech Company Inc,Data Center/Web Hosting/Transit,,23:47:14,may/22/2023
103.119.129.14,True,,0,,HK,Suniway Group Limited,Data Center/Web Hosting/Transit,,23:47:14,may/22/2023
154.198.7.202,True,,0,,HK,Suniway Group Limited,Data Center/Web Hosting/Transit,,23:47:14,may/22/2023
103.154.61.109,True,,0,,PH,WTW Hightech Company Inc,Data Center/Web Hosting/Transit,,23:47:14,may/22/2023
154.198.6.83,True,,0,,PH,Suniway Group Limited,Data Center/Web Hosting/Transit,,23:47:14,may/22/2023
103.154.61.232,True,,0,,PH,WTW Hightech Company Inc,Data Center/Web Hosting/Transit,,23:47:14,may/22/2023
174.136.237.45,True,,0,,CN,Gold Experience Cloud LLC,Data Center/Web Hosting/Transit,,23:47:15,may/22/2023
174.136.237.139,True,,0,,CN,Gold Experience Cloud LLC,Data Center/Web Hosting/Transit,,23:47:15,may/22/2023
103.154.60.221,True,,0,,PH,WTW Hightech Company Inc,Data Center/Web Hosting/Transit,,23:47:15,may/22/2023
174.136.237.233,True,,0,,CN,Gold Experience Cloud LLC,Data Center/Web Hosting/Transit,,23:47:15,may/22/2023
174.136.237.70,True,,0,,CN,Gold Experience Cloud LLC,Data Center/Web Hosting/Transit,,23:47:15,may/22/2023
154.198.7.2,True,,0,,HK,Suniway Group Limited,Data Center/Web Hosting/Transit,,23:47:15,may/22/2023
103.119.129.89,True,,0,,HK,Suniway Group Limited,Data Center/Web Hosting/Transit,,23:47:15,may/22/2023
103.154.60.200,True,,0,,PH,WTW Hightech Company Inc,Data Center/Web Hosting/Transit,,23:47:15,may/22/2023
174.136.237.95,True,,0,,CN,Gold Experience Cloud LLC,Data Center/Web Hosting/Transit,,23:47:15,may/22/2023
103.104.103.77,True,,0,,PH,Suniway Group of Companies Inc.,Fixed Line ISP,,23:47:15,may/22/2023
43.225.58.140,True,,0,,HK,Dragon Spirit Investments International Co. Limited,Data Center/Web Hosting/Transit,,23:47:15,may/22/2023
103.119.131.127,True,,0,,HK,Suniway Group Limited,Data Center/Web Hosting/Transit,,23:47:15,may/22/2023
103.154.61.190,True,False,0,,PH,WTW Hightech Company Inc,Data Center/Web Hosting/Transit,2022-05-29T05:54:03+00:00,23:47:15,may/22/2023
154.198.7.177,True,,0,,HK,Suniway Group Limited,Data Center/Web Hosting/Transit,,23:47:15,may/22/2023
103.119.128.145,True,False,0,,HK,Suniway Group Limited,Data Center/Web Hosting/Transit,2021-05-16T22:03:11+00:00,23:47:15,may/22/2023
174.136.237.51,True,,0,,CN,Gold Experience Cloud LLC,Data Center/Web Hosting/Transit,,23:47:15,may/22/2023
154.197.28.70,True,,0,,HK,Suniway Telecom,Data Center/Web Hosting/Transit,,23:47:15,may/22/2023
43.225.58.165,True,,0,,HK,Dragon Spirit Investments International Co. Limited,Data Center/Web Hosting/Transit,,23:47:15,may/22/2023
43.225.58.2,True,,0,,HK,Dragon Spirit Investments International Co. Limited,Data Center/Web Hosting/Transit,,23:47:15,may/22/2023
103.154.60.35,True,,0,,PH,WTW Hightech Company Inc,Data Center/Web Hosting/Transit,,23:47:15,may/22/2023
43.225.58.96,True,,0,,HK,Dragon Spirit Investments International Co. Limited,Data Center/Web Hosting/Transit,,23:47:15,may/22/2023
174.136.237.170,True,,0,,CN,Gold Experience Cloud LLC,Data Center/Web Hosting/Transit,,23:47:15,may/22/2023
103.154.61.25,True,,0,,PH,WTW Hightech Company Inc,Data Center/Web Hosting/Transit,,23:47:15,may/22/2023
43.225.58.215,True,,0,,HK,Dragon Spirit Investments International Co. Limited,Data Center/Web Hosting/Transit,,23:47:15,may/22/2023
103.104.103.52,True,,0,,PH,Suniway Group of Companies Inc.,Fixed Line ISP,,23:47:15,may/22/2023
103.104.100.70,True,,0,,PH,Suniway Group of Companies Inc.,Fixed Line ISP,,23:47:16,may/22/2023
174.136.237.220,True,,0,,CN,Gold Experience Cloud LLC,Data Center/Web Hosting/Transit,,23:47:16,may/22/2023
43.225.58.240,True,,0,,HK,Dragon Spirit Investments International Co. Limited,Data Center/Web Hosting/Transit,,23:47:16,may/22/2023
174.136.237.57,True,,0,,CN,Gold Experience Cloud LLC,Data Center/Web Hosting/Transit,,23:47:16,may/22/2023
43.225.58.77,True,,0,,HK,Dragon Spirit Investments International Co. Limited,Data Center/Web Hosting/Transit,,23:47:16,may/22/2023
43.225.58.171,True,,0,,HK,Dragon Spirit Investments International Co. Limited,Data Center/Web Hosting/Transit,,23:47:16,may/22/2023
174.136.237.245,True,,0,,CN,Gold Experience Cloud LLC,Data Center/Web Hosting/Transit,,23:47:16,may/22/2023
103.104.103.227,True,,0,,PH,Suniway Group of Companies Inc.,Fixed Line ISP,,23:47:16,may/22/2023
43.225.58.8,True,,0,,HK,Dragon Spirit Investments International Co. Limited,Data Center/Web Hosting/Transit,,23:47:16,may/22/2023
103.119.128.195,True,,0,,HK,Suniway Group Limited,Data Center/Web Hosting/Transit,,23:47:16,may/22/2023
103.104.100.245,True,,0,,PH,Suniway Group of Companies Inc.,Fixed Line ISP,,23:47:16,may/22/2023
103.154.60.95,True,,0,,PH,WTW Hightech Company Inc,Data Center/Web Hosting/Transit,,23:47:16,may/22/2023
174.136.237.13,True,,0,,CN,Gold Experience Cloud LLC,Data Center/Web Hosting/Transit,,23:47:16,may/22/2023
174.136.237.107,True,,0,,CN,Gold Experience Cloud LLC,Data Center/Web Hosting/Transit,,23:47:16,may/22/2023
43.225.58.127,True,,0,,HK,Dragon Spirit Investments International Co. Limited,Data Center/Web Hosting/Transit,,23:47:16,may/22/2023
174.136.237.201,True,,0,,CN,Gold Experience Cloud LLC,Data Center/Web Hosting/Transit,,23:47:16,may/22/2023
174.136.237.132,True,,0,,CN,Gold Experience Cloud LLC,Data Center/Web Hosting/Transit,,23:47:16,may/22/2023
154.197.28.20,True,,0,,HK,Suniway Telecom,Data Center/Web Hosting/Transit,,23:47:16,may/22/2023
103.154.60.197,True,,0,,PH,WTW Hightech Company Inc,Data Center/Web Hosting/Transit,,23:47:16,may/22/2023
43.225.58.246,True,,0,,HK,Dragon Spirit Investments International Co. Limited,Data Center/Web Hosting/Transit,,23:47:16,may/22/2023
103.154.61.187,True,,0,,PH,WTW Hightech Company Inc,Data Center/Web Hosting/Transit,,23:47:16,may/22/2023
43.225.58.14,True,,0,,HK,Dragon Spirit Investments International Co. Limited,Data Center/Web Hosting/Transit,,23:47:16,may/22/2023
174.136.237.251,True,,0,,CN,Gold Experience Cloud LLC,Data Center/Web Hosting/Transit,,23:47:16,may/22/2023
103.154.60.176,True,,0,,PH,WTW Hightech Company Inc,Data Center/Web Hosting/Transit,,23:47:16,may/22/2023
103.154.61.43,True,,0,,PH,WTW Hightech Company Inc,Data Center/Web Hosting/Transit,,23:47:16,may/22/2023
174.136.237.182,True,,0,,CN,Gold Experience Cloud LLC,Data Center/Web Hosting/Transit,,23:47:16,may/22/2023
103.119.128.170,True,,0,,HK,Suniway Group Limited,Data Center/Web Hosting/Transit,,23:47:16,may/22/2023
43.225.58.39,True,,0,,HK,Dragon Spirit Investments International Co. Limited,Data Center/Web Hosting/Transit,,23:47:16,may/22/2023
174.136.237.19,True,,0,,CN,Gold Experience Cloud LLC,Data Center/Web Hosting/Transit,,23:47:16,may/22/2023
103.154.60.32,True,,0,,PH,WTW Hightech Company Inc,Data Center/Web Hosting/Transit,,23:47:16,may/22/2023
103.104.100.220,True,,0,,PH,Suniway Group of Companies Inc.,Fixed Line ISP,,23:47:16,may/22/2023
174.136.237.113,True,,0,,CN,Gold Experience Cloud LLC,Data Center/Web Hosting/Transit,,23:47:16,may/22/2023
103.104.100.120,True,,0,,PH,Suniway Group of Companies Inc.,Fixed Line ISP,,23:47:17,may/22/2023
43.225.58.252,True,,0,,HK,Dragon Spirit Investments International Co. Limited,Data Center/Web Hosting/Transit,,23:47:17,may/22/2023
174.136.237.232,True,,0,,CN,Gold Experience Cloud LLC,Data Center/Web Hosting/Transit,,23:47:17,may/22/2023
43.225.58.89,True,,0,,HK,Dragon Spirit Investments International Co. Limited,Data Center/Web Hosting/Transit,,23:47:17,may/22/2023
103.119.130.108,True,,0,,HK,Suniway Group Limited,Data Center/Web Hosting/Transit,,23:47:17,may/22/2023
103.154.61.1,True,,0,,PH,WTW Hightech Company Inc,Data Center/Web Hosting/Transit,,23:47:17,may/22/2023
103.119.128.245,True,,0,,HK,Suniway Group Limited,Data Center/Web Hosting/Transit,,23:47:17,may/22/2023
103.154.61.124,True,,0,,PH,WTW Hightech Company Inc,Data Center/Web Hosting/Transit,,23:47:17,may/22/2023
174.136.237.94,True,,0,,CN,Gold Experience Cloud LLC,Data Center/Web Hosting/Transit,,23:47:17,may/22/2023
174.136.237.188,True,,0,,CN,Gold Experience Cloud LLC,Data Center/Web Hosting/Transit,,23:47:17,may/22/2023
103.119.130.8,True,,0,,HK,Suniway Group Limited,Data Center/Web Hosting/Transit,,23:47:17,may/22/2023
174.136.237.25,True,,0,,CN,Gold Experience Cloud LLC,Data Center/Web Hosting/Transit,,23:47:17,may/22/2023
43.225.58.208,True,,0,,HK,Dragon Spirit Investments International Co. Limited,Data Center/Web Hosting/Transit,,23:47:17,may/22/2023
43.225.58.45,True,,0,,HK,Dragon Spirit Investments International Co. Limited,Data Center/Web Hosting/Transit,,23:47:17,may/22/2023
43.225.58.139,True,,0,,HK,Dragon Spirit Investments International Co. Limited,Data Center/Web Hosting/Transit,,23:47:17,may/22/2023
103.154.61.226,True,,0,,PH,WTW Hightech Company Inc,Data Center/Web Hosting/Transit,,23:47:17,may/22/2023
43.225.58.233,True,,0,,HK,Dragon Spirit Investments International Co. Limited,Data Center/Web Hosting/Transit,,23:47:17,may/22/2023
174.136.237.144,True,,0,,CN,Gold Experience Cloud LLC,Data Center/Web Hosting/Transit,,23:47:17,may/22/2023
43.225.58.70,True,,0,,HK,Dragon Spirit Investments International Co. Limited,Data Center/Web Hosting/Transit,,23:47:17,may/22/2023
174.136.237.238,True,,0,,CN,Gold Experience Cloud LLC,Data Center/Web Hosting/Transit,,23:47:17,may/22/2023
103.104.101.114,True,,0,,PH,Suniway Group of Companies Inc.,Fixed Line ISP,,23:47:17,may/22/2023
174.136.237.169,True,,0,,CN,Gold Experience Cloud LLC,Data Center/Web Hosting/Transit,,23:47:17,may/22/2023
154.197.31.27,True,,0,,HK,Suniway Telecom,Data Center/Web Hosting/Transit,,23:47:17,may/22/2023
103.154.60.71,True,,0,,PH,WTW Hightech Company Inc,Data Center/Web Hosting/Transit,,23:47:17,may/22/2023
103.154.60.194,True,,0,,PH,WTW Hightech Company Inc,Data Center/Web Hosting/Transit,,23:47:17,may/22/2023
154.198.6.233,True,,0,,PH,Suniway Group Limited,Data Center/Web Hosting/Transit,,23:47:17,may/22/2023
103.154.61.61,True,,0,,PH,WTW Hightech Company Inc,Data Center/Web Hosting/Transit,,23:47:17,may/22/2023
154.198.5.114,True,,0,,PH,Suniway Group Limited,Data Center/Web Hosting/Transit,,23:47:17,may/22/2023
103.154.60.173,True,,0,,PH,WTW Hightech Company Inc,Data Center/Web Hosting/Transit,,23:47:18,may/22/2023
103.119.129.39,True,,0,,HK,Suniway Group Limited,Data Center/Web Hosting/Transit,,23:47:18,may/22/2023
103.154.61.163,True,,0,,PH,WTW Hightech Company Inc,Data Center/Web Hosting/Transit,,23:47:18,may/22/2023
174.136.237.81,True,,0,,CN,Gold Experience Cloud LLC,Data Center/Web Hosting/Transit,,23:47:18,may/22/2023
43.225.58.7,True,,0,,HK,Dragon Spirit Investments International Co. Limited,Data Center/Web Hosting/Transit,,23:47:18,may/22/2023
103.119.129.214,True,,0,,HK,Suniway Group Limited,Data Center/Web Hosting/Transit,,23:47:18,may/22/2023
103.154.61.19,True,,0,,PH,WTW Hightech Company Inc,Data Center/Web Hosting/Transit,,23:47:18,may/22/2023
174.136.237.175,True,,0,,CN,Gold Experience Cloud LLC,Data Center/Web Hosting/Transit,,23:47:18,may/22/2023
154.198.4.70,True,,0,,HK,Suniway Group Limited,Data Center/Web Hosting/Transit,,23:47:18,may/22/2023
174.136.237.12,True,,0,,CN,Gold Experience Cloud LLC,Data Center/Web Hosting/Transit,,23:47:18,may/22/2023
103.119.130.233,True,,0,,HK,Suniway Group Limited,Data Center/Web Hosting/Transit,,23:47:18,may/22/2023
174.136.237.106,True,,0,,CN,Gold Experience Cloud LLC,Data Center/Web Hosting/Transit,,23:47:18,may/22/2023
174.136.237.200,True,,0,,CN,Gold Experience Cloud LLC,Data Center/Web Hosting/Transit,,23:47:18,may/22/2023
103.154.60.131,True,,0,,PH,WTW Hightech Company Inc,Data Center/Web Hosting/Transit,,23:47:18,may/22/2023
103.119.131.252,True,,0,,HK,Suniway Group Limited,Data Center/Web Hosting/Transit,,23:47:18,may/22/2023
43.225.58.220,True,,0,,HK,Dragon Spirit Investments International Co. Limited,Data Center/Web Hosting/Transit,,23:47:18,may/22/2023
43.225.58.57,True,,0,,HK,Dragon Spirit Investments International Co. Limited,Data Center/Web Hosting/Transit,,23:47:18,may/22/2023
103.154.61.121,True,,0,,PH,WTW Hightech Company Inc,Data Center/Web Hosting/Transit,,23:47:18,may/22/2023
103.104.100.145,True,,0,,PH,Suniway Group of Companies Inc.,Fixed Line ISP,,23:47:18,may/22/2023
103.154.61.244,True,,0,,PH,WTW Hightech Company Inc,Data Center/Web Hosting/Transit,,23:47:18,may/22/2023
154.197.31.77,True,,0,,HK,Suniway Telecom,Data Center/Web Hosting/Transit,,23:47:18,may/22/2023
43.225.58.245,True,,0,,HK,Dragon Spirit Investments International Co. Limited,Data Center/Web Hosting/Transit,,23:47:18,may/22/2023
174.136.237.156,True,,0,,CN,Gold Experience Cloud LLC,Data Center/Web Hosting/Transit,,23:47:18,may/22/2023
103.154.60.233,True,,0,,PH,WTW Hightech Company Inc,Data Center/Web Hosting/Transit,,23:47:18,may/22/2023
174.136.237.250,True,,0,,CN,Gold Experience Cloud LLC,Data Center/Web Hosting/Transit,,23:47:18,may/22/2023
103.154.61.100,True,,0,,PH,WTW Hightech Company Inc,Data Center/Web Hosting/Transit,,23:47:18,may/22/2023
174.136.237.87,True,,0,,CN,Gold Experience Cloud LLC,Data Center/Web Hosting/Transit,,23:47:18,may/22/2023
43.225.58.107,True,,0,,HK,Dragon Spirit Investments International Co. Limited,Data Center/Web Hosting/Transit,,23:47:18,may/22/2023
103.154.60.89,True,,0,,PH,WTW Hightech Company Inc,Data Center/Web Hosting/Transit,,23:47:18,may/22/2023
103.104.101.64,True,,0,,PH,Suniway Group of Companies Inc.,Fixed Line ISP,,23:47:18,may/22/2023
154.198.6.183,True,,0,,PH,Suniway Group Limited,Data Center/Web Hosting/Transit,,23:47:18,may/22/2023
174.136.237.206,True,,0,,CN,Gold Experience Cloud LLC,Data Center/Web Hosting/Transit,,23:47:18,may/22/2023
174.136.237.43,True,,0,,CN,Gold Experience Cloud LLC,Data Center/Web Hosting/Transit,,23:47:18,may/22/2023
43.225.58.226,True,,0,,HK,Dragon Spirit Investments International Co. Limited,Data Center/Web Hosting/Transit,,23:47:19,may/22/2023
43.225.58.63,True,,0,,HK,Dragon Spirit Investments International Co. Limited,Data Center/Web Hosting/Transit,,23:47:19,may/22/2023
103.154.60.191,True,,0,,PH,WTW Hightech Company Inc,Data Center/Web Hosting/Transit,,23:47:19,may/22/2023
43.225.58.157,True,,0,,HK,Dragon Spirit Investments International Co. Limited,Data Center/Web Hosting/Transit,,23:47:19,may/22/2023
103.154.61.58,True,,0,,PH,WTW Hightech Company Inc,Data Center/Web Hosting/Transit,,23:47:19,may/22/2023
174.136.237.68,True,,0,,CN,Gold Experience Cloud LLC,Data Center/Web Hosting/Transit,,23:47:19,may/22/2023
43.225.58.251,True,,0,,HK,Dragon Spirit Investments International Co. Limited,Data Center/Web Hosting/Transit,,23:47:19,may/22/2023
43.225.58.88,True,,0,,HK,Dragon Spirit Investments International Co. Limited,Data Center/Web Hosting/Transit,,23:47:19,may/22/2023
43.225.58.182,True,,0,,HK,Dragon Spirit Investments International Co. Limited,Data Center/Web Hosting/Transit,,23:47:19,may/22/2023
103.119.129.64,True,,0,,HK,Suniway Group Limited,Data Center/Web Hosting/Transit,,23:47:19,may/22/2023
43.225.58.19,True,,0,,HK,Dragon Spirit Investments International Co. Limited,Data Center/Web Hosting/Transit,,23:47:19,may/22/2023
